{"count":1,"self":1269.1318784,"total":10223.3069511,"children":{"InitializeActuators":{"count":28,"self":0.0019933,"total":0.0019933,"children":null},"InitializeSensors":{"count":28,"self":0.0019922,"total":0.0019922,"children":null},"AgentSendState":{"count":1344051,"self":67.013542399999992,"total":468.1807821,"children":{"CollectObservations":{"count":7526708,"self":118.09559039999999,"total":118.09559039999999,"children":null},"WriteActionMask":{"count":7526708,"self":14.8405232,"total":14.840523699999999,"children":null},"RequestDecision":{"count":7526708,"self":85.1291136,"total":268.2311227,"children":{"AgentInfo.ToProto":{"count":7526708,"self":38.4203968,"total":183.1020108,"children":{"GenerateSensorData":{"count":7526708,"self":144.68161279999998,"total":144.6816143,"children":null}}}}}}},"DecideAction":{"count":1344051,"self":8422.0485632,"total":8422.0483487,"children":null},"AgentAct":{"count":1344051,"self":63.123391999999996,"total":63.123393899999996,"children":null},"AgentInfo.ToProto":{"count":18864,"self":0.2215597,"total":0.817584,"children":{"GenerateSensorData":{"count":18864,"self":0.5960243,"total":0.5960243,"children":null}}}},"gauges":{"Gun.CumulativeReward":{"count":18864,"max":-0.149999991,"min":-1.00000012,"runningAverage":-0.782822669,"value":-0.7000001,"weightedAverage":-0.7652595}},"metadata":{"timer_format_version":"0.1.0","start_time_seconds":"1678902199","unity_version":"2019.4.23f1","command_line_arguments":"C:\\Program Files\\Unity\\Hub\\Editor\\2019.4.23f1\\Editor\\Unity.exe -projectpath C:\\Unity Projects\\Cannon-ML -useHub -hubIPC -cloudEnvironment production -licensingIpc LicenseClient-PKMAN -hubSessionId e2a43580-c2f2-11ed-8bf8-b92d83acfd8b -accessToken vvAsPTuCWwRyU_EsP_bewbnBq34iXfV5LeI7vEd8Ceg009f","communication_protocol_version":"1.3.0","com.unity.ml-agents_version":"1.7.2-preview","scene_name":"SampleScene","end_time_seconds":"1678912422"}}