{"count":1,"self":2301.9462656,"total":17366.7351667,"children":{"InitializeActuators":{"count":24,"self":0.0019917999999999997,"total":0.0019917999999999997,"children":null},"InitializeSensors":{"count":24,"self":0.0009708,"total":0.0009708,"children":null},"AgentSendState":{"count":2668001,"self":116.01132799999999,"total":650.07110849999992,"children":{"CollectObservations":{"count":12806424,"self":157.0535296,"total":157.05353209999998,"children":null},"WriteActionMask":{"count":12806424,"self":25.650983999999998,"total":25.650983399999998,"children":null},"RequestDecision":{"count":12806424,"self":140.9080576,"total":351.3552601,"children":{"AgentInfo.ToProto":{"count":12806424,"self":64.3699776,"total":210.4471994,"children":{"GenerateSensorData":{"count":12806424,"self":146.07722239999998,"total":146.0772207,"children":null}}}}}}},"DecideAction":{"count":2668001,"self":14283.350015999999,"total":14283.3497133,"children":null},"AgentAct":{"count":2668001,"self":130.5415296,"total":131.3213623,"children":{"AgentInfo.ToProto":{"count":29584,"self":0.305287,"total":0.77983399999999992,"children":{"GenerateSensorData":{"count":29584,"self":0.474547,"total":0.474547,"children":null}}}}},"AgentInfo.ToProto":{"count":613,"self":0.011954,"total":0.042853499999999996,"children":{"GenerateSensorData":{"count":613,"self":0.0308995,"total":0.0308995,"children":null}}}},"gauges":{"Gun.CumulativeReward":{"count":30197,"max":1.00000012,"min":-1.00000012,"runningAverage":0.6999455,"value":0.7500001,"weightedAverage":0.7447785}},"metadata":{"timer_format_version":"0.1.0","start_time_seconds":"1679032816","unity_version":"2019.4.23f1","command_line_arguments":"C:\\Program Files\\Unity\\Hub\\Editor\\2019.4.23f1\\Editor\\Unity.exe -projectpath C:\\Unity Projects\\Cannon-ML -useHub -hubIPC -cloudEnvironment production -licensingIpc LicenseClient-PKMAN -hubSessionId 847d4c30-c482-11ed-96a9-4d1ef1f0594f -accessToken 8usNjUBJdnJeXykr9dMYd7qvT-19ZlDD4iQwXjBmeXI009f","communication_protocol_version":"1.3.0","com.unity.ml-agents_version":"1.7.2-preview","scene_name":"SampleScene","end_time_seconds":"1679050182"}}